-- phpMyAdmin SQL Dump
-- version 3.4.5
-- http://www.phpmyadmin.net
--
-- Host: localhost
-- Generation Time: Jun 22, 2014 at 07:46 AM
-- Server version: 5.5.16
-- PHP Version: 5.3.8

SET SQL_MODE="NO_AUTO_VALUE_ON_ZERO";
SET time_zone = "+00:00";


/*!40101 SET @OLD_CHARACTER_SET_CLIENT=@@CHARACTER_SET_CLIENT */;
/*!40101 SET @OLD_CHARACTER_SET_RESULTS=@@CHARACTER_SET_RESULTS */;
/*!40101 SET @OLD_COLLATION_CONNECTION=@@COLLATION_CONNECTION */;
/*!40101 SET NAMES utf8 */;

--
-- Database: `db_almaurabutik`
--

-- --------------------------------------------------------

--
-- Table structure for table `pos_barang`
--

CREATE TABLE IF NOT EXISTS `pos_barang` (
  `kd_barang` varchar(15) NOT NULL,
  `nm_barang` varchar(100) NOT NULL,
  `kd_group` char(7) NOT NULL,
  `satuan` char(4) NOT NULL,
  `harga_net` double NOT NULL,
  `harga_jual` double NOT NULL,
  `jml_stok` smallint(6) NOT NULL,
  PRIMARY KEY (`kd_barang`)
) ENGINE=InnoDB DEFAULT CHARSET=latin1;

--
-- Dumping data for table `pos_barang`
--

INSERT INTO `pos_barang` (`kd_barang`, `nm_barang`, `kd_group`, `satuan`, `harga_net`, `harga_jual`, `jml_stok`) VALUES
('AAC001', 'KAOS PUTIH', 'AAC', 'PCS', 0, 52500, 1),
('AAC002', 'RAJUT BLITER', 'AAC', 'PCS', 0, 117500, 3),
('AAC003', 'KAOS ROMANTIK APPLE', 'AAC', 'PCS', 0, 73500, 3),
('AAC004', 'POLKADOT ORANGE', 'AAC', 'PCS', 0, 87500, 0),
('AAC005', 'KAOS BARBIE', 'AAC', 'PCS', 0, 54500, 0),
('AAC006', 'KAOS BENDERA (ENGLAND)', 'AAC', 'PCS', 0, 52500, 0),
('AAC007', 'ATASAN KEMEJA MIXXN', 'AAC', 'PCS', 0, 69500, 7),
('AAC008', 'ATASAN BABY DOOL', 'AAC', 'PCS', 0, 80500, 6),
('AAC009', 'ATASAN BAWAH GELOMBANG TILE HITAM', 'AAC', 'PCS', 0, 105500, 3),
('AAC010', 'ATASAN GELOMBANG POLKADOT HITAM', 'AAC', 'PCS', 0, 98500, 3),
('AAC011', 'ATASAN GELOMBANG KOTAK''''', 'AAC', 'PCS', 0, 94500, 3),
('AAC012', 'LEBONG PENDEK', 'AAC', 'PCS', 0, 70500, 5),
('AAC013', 'BLOUSE PRINCESS', 'AAC', 'PCS', 0, 70500, 5),
('AAC014', 'ATASAN SIFON', 'AAC', 'PCS', 0, 82500, 1),
('AAC015', 'KAOS ABU''''BIRU', 'AAC', 'PCS', 0, 18000, 1),
('AAC016', 'ATASAN DEWINA (A) TUTUL', 'AAC', 'PCS', 0, 66500, 1),
('AAC017', 'ATASAN DEWINA (B) BUNGA', 'AAC', 'PCS', 0, 66500, 2),
('AAC018', 'ATASAN LURIK-LURIK ', 'AAC', 'PCS', 0, 68500, 2),
('AAC019', 'ATASAN KELELAWAR', 'AAC', 'PCS', 0, 62500, 3),
('AAC020', 'KAOS ROMANTIK   ', 'AAC', 'PCS', 0, 68500, 0),
('AAC021', 'ATASAN BAWAH GELOMBANG   ', 'AAC', 'PCS', 0, 101500, 3),
('AAC022', 'ATASAN LOLITA 01', 'AAC', 'PCS', 0, 126500, 2),
('AAC023', 'ATASAN LOLITA 02A', 'AAC', 'PCS', 0, 122500, 4),
('AAC024', 'ATASAN LOLITA 02B', 'AAC', 'PCS', 0, 122500, 9),
('AAC025', 'ATASAN KAOS FRESH', 'AAC', 'PCS', 0, 96500, 5),
('AAC026', 'ATASAN KAOS GAJAH', 'AAC', 'PCS', 0, 148500, 5),
('AAC027', 'ATASAN TOZZO', 'AAC', 'PCS', 0, 72500, 2),
('AAC028', 'ATASAN SARUNG', 'AAC', 'PCS', 0, 72500, 2),
('AAC029', 'ATASAN CORAK WARNA-WARNI', 'AAC', 'PCS', 0, 85500, 3),
('AAC030', 'ATASAN SIFON', 'AAC', 'PCS', 0, 98500, 5),
('AAC031', 'ATASAN CORAK DAUN', 'AAC', 'PCS', 0, 87500, 3),
('AAC032', 'ATASAN INDIA', 'AAC', 'PCS', 0, 85500, 3),
('AAC033', 'ATASAN POLOS', 'AAC', 'PCS', 0, 85500, 0),
('AAC034', 'ATASAN SIFON JUMBO', 'AAC', 'PCS', 0, 98500, 2),
('AAC035', 'ATASAN TUNIK 61439', 'AAC', 'PCS', 0, 118000, 6),
('AAC036', 'ATASAN BATIK JUMBO', 'AAC', 'PCS', 0, 112000, 4),
('AAC037', 'ATASAN ORANGE BUNGA', 'AAC', 'PCS', 0, 72500, 1),
('AAC038', 'ATASAN BLOUSE BATIK', 'AAC', 'PCS', 0, 78500, 4),
('AAC039', 'ATASAN BONEKA', 'AAC', 'PCS', 0, 49000, 1),
('AAC040', 'KEMEJA ORLENA 34380', 'AAC', 'PCS', 0, 74500, 1),
('AAC041', 'KEMEJA ORLENA 20363', 'AAC', 'PCS', 0, 67500, 2),
('AAC042', 'KEMEJA ORLENA 13399', 'AAC', 'PCS', 0, 67500, 3),
('AAC043', 'ATASAN TUNIK 19-18', 'AAC', 'PCS', 0, 102000, 4),
('AAC044', 'ATASAN TUNIK 10-04', 'AAC', 'PCS', 0, 95000, 4),
('AAC045', 'ATASAN KALONG LORENG', 'AAC', 'PCS', 0, 136500, 0),
('AAC046', 'ATASAN TUNIK PANJANG', 'AAC', 'PCS', 0, 168000, 4),
('AAC047', 'ATASAN PENDEK PULKADOT', 'AAC', 'PCS', 0, 64000, 1),
('AAC048', 'ATASAN BATIK GELOMBANG', 'AAC', 'PCS', 0, 60000, 3),
('AAC049', 'ATASAN GELOMBANG PUTIH', 'AAC', 'PCS', 0, 68000, 4),
('AAM001', 'MUSLIM ANAK 1-2', 'AAM', 'PCS', 0, 90000, 12),
('AAM002', 'MUSLIM ANAK 11-12', 'AAM', 'PCS', 0, 189500, 2),
('AAM003', 'MUSLIM ANAK 5-6', 'AAM', 'PCS', 0, 169500, 4),
('AAM004', 'MUSLIM ANAK 7-8', 'AAM', 'PCS', 0, 179500, 1),
('AAM005', 'MUSLIM ANAK TEBAL', 'AAM', 'PCS', 0, 135500, 9),
('AAM006', 'MUSLIM ANAK KOKO 0-1 ', 'AAM', 'PCS', 0, 100000, 8),
('AAM007', 'MUSLIM ANAK KOKO PUTIH 4-5', 'AAM', 'PCS', 0, 89500, 5),
('AAM008', 'MUSLIM ANAK KOKO 2-3', 'AAM', 'PCS', 0, 149500, 0),
('AAM009', 'MUSLIM ANAK KOKO MOTIF 8-9', 'AAM', 'PCS', 0, 159500, 1),
('AAM010', 'MUSLIM ANAK KOKO 8-11 BULAN', 'AAM', 'PCS', 0, 85500, 5),
('AAM011', 'MUSLIM ANAK RITACADS', 'AAM', 'PCS', 0, 112500, 2),
('AAM012', 'MUSLIM ANAK DRESS PUTIH', 'AAM', 'PCS', 0, 89500, 3),
('AAM013', 'MUSLIM ANAK KOKO MOTIF 1-2 TH', 'AAM', 'PCS', 0, 129500, 2),
('AAM014', 'MUSLIM ANAK ', 'AAM', 'PCS', 0, 125500, 1),
('AAM015', 'MUSLIM ANAK (12-18) CEWE', 'AAM', 'PCS', 0, 176000, 2),
('AAM016', 'MUSLIM ANAK (9-9) KOKOH', 'AAM', 'PCS', 0, 168000, 2),
('AAM017', 'MUSLIM ANAK (10-12) KOKOH', 'AAM', 'PCS', 0, 178000, 3),
('AAM018', 'MUSLIM ANAK (7-9) FURINA', 'AAM', 'PCS', 0, 110000, 2),
('AB001', 'LEFIS PENDEK', 'AB', 'PCS', 0, 68500, 1),
('AB002', 'GARDIGAN (HITAM,COKLAT,ABU'''')', 'AB', 'PCS', 0, 68500, 0),
('AB003', 'GARDIGAN RAJUT', 'AB', 'PCS', 0, 117500, 3),
('AB004', 'RAJUT KANTONG', 'AB', 'PCS', 0, 95500, 0),
('AB005', 'BLAZZER MOTIF BURUNG', 'AB', 'PCS', 0, 47500, 1),
('AB006', 'BLAZZER MOTIF BUNGA (COKLAT,ORANGE)', 'AB', 'PCS', 0, 109500, 0),
('AB007', 'BLAZZER FULL MOTIF', 'AB', 'PCS', 0, 118500, 0),
('AB008', 'BLAZZER CEPLOK KEMBANG', 'AB', 'PCS', 0, 118500, 0),
('AB009', 'BLAZZER KOTAK'''' (KUNING,EMAS)', 'AB', 'PCS', 0, 118500, 0),
('AB010', 'BLAZZER LURIK MERAH', 'AB', 'PCS', 0, 80500, 1),
('AB011', 'BLAZZER POIS', 'AB', 'PCS', 0, 105500, 2),
('AB012', 'BLAZZER VITA JAYA (ABU'''')', 'AB', 'PCS', 0, 72500, 0),
('AB013', 'BLAZZER KANCING EMAS (CREM,MERAH)', 'AB', 'PCS', 0, 117500, 0),
('AB014', 'BLAZZER KOLABORASI ', 'AB', 'PCS', 0, 66500, 1),
('AB015', 'BLAZZER LEONNY', 'AB', 'PCS', 0, 79500, 0),
('AB016', 'BLAZZER SEMI POIS', 'AB', 'PCS', 0, 70500, 1),
('AB017', 'BLAZZER BABAT', 'AB', 'PCS', 0, 122500, 3),
('AB018', 'BLAZZER CAMPUR/WARNA WARNI', 'AB', 'PCS', 0, 113000, 14),
('AB019', 'BALERO ZASKIA', 'AB', 'PCS', 0, 189500, 1),
('AB020', 'BLAZZER KULIT', 'AB', 'PCS', 0, 109000, 6),
('AC001', 'CELANA KULOT (UNGU)', 'AC', 'PCS', 0, 85500, 0),
('AC002', 'CELANA PENSIL MOTIF BUNGA', 'AC', 'PCS', 0, 98500, 3),
('AC003', 'CELANA PENSIL POLOS', 'AC', 'PCS', 0, 98500, 4),
('AC004', 'CELANA KAIN COKLAT CREM', 'AC', 'PCS', 0, 87500, 12),
('AC005', 'CELANA TENUN', 'AC', 'PCS', 0, 132500, 4),
('AC006', 'CELANA RED POIS', 'AC', 'PCS', 0, 99500, 1),
('AC007', 'CELANA JEANS HITAM', 'AC', 'PCS', 0, 78500, 1),
('AC008', 'CELANA ALADIN', 'AC', 'PCS', 0, 115500, 3),
('AC009', 'CELANA GELOMBANG', 'AC', 'PCS', 0, 245500, 2),
('AC010', 'CELANA KULOT JEANS ', 'AC', 'PCS', 0, 117500, 2),
('AC011', 'LEGING IMPORT /MIZING', 'AC', 'PCS', 0, 50500, 4),
('AC012', 'CELANA KULOT', 'AC', 'PCS', 0, 131500, 1),
('AC013', 'CELANA RAMA SHINTA', 'AC', 'PCS', 0, 225000, 2),
('AC014', 'CELANA THAILAND', 'AC', 'PCS', 0, 315000, 2),
('AC015', 'CELANA KODOK', 'AC', 'PCS', 0, 105500, 4),
('AC016', 'CELANA LEGING J&K', 'AC', 'PCS', 0, 58000, 8),
('AC017', 'CELANA 3078', 'AC', 'PCS', 0, 150000, 2),
('AC018', 'CELANA DPN 3115', 'AC', 'PCS', 0, 125000, 2),
('AC019', 'CELANA KERUT SMPG 3107', 'AC', 'PCS', 0, 142000, 2),
('AC020', 'CELANA ALADIN 2090', 'AC', 'PCS', 0, 125000, 2),
('AC021', 'CELANA SAYAP 3111', 'AC', 'PCS', 0, 130000, 2),
('AC022', 'CELANA KULOT 2IN1', 'AC', 'PCS', 0, 150000, 2),
('ACC001', 'JARUM MOTIF (BUNDAR+KUPU)', 'ACC', 'PCS', 0, 8500, 15),
('ACC002', 'BROSS APPLE', 'ACC', 'PCS', 0, 16500, 5),
('ACC003', 'BROSS LOVE GANDUL', 'ACC', 'PCS', 0, 20500, 2),
('ACC004', 'BROSS BINTANG', 'ACC', 'PCS', 0, 22500, 1),
('ACC005', 'GIOK MOTIF', 'ACC', 'PCS', 0, 12500, 0),
('ACC006', 'BROSS LOVE MUTIARA', 'ACC', 'PCS', 0, 5500, 7),
('ACC007', 'BROSS KUPU''''', 'ACC', 'PCS', 0, 6500, 6),
('ACC008', 'BROSS CAMPUR FULL COLOR (XUPING)', 'ACC', 'PCS', 0, 80500, 7),
('ACC009', 'BROSS CAMPUR BIASA (XUPING)', 'ACC', 'PCS', 0, 50500, 3),
('ACC010', 'BROSS BUNGA RIMA', 'ACC', 'PCS', 0, 21500, 6),
('ACC011', 'BROSS BUNGA RIMA BESAR', 'ACC', 'PCS', 0, 16500, 2),
('ACC012', 'EMAS PENTUL BESAR', 'ACC', 'PCS', 0, 6000, 2),
('ACC013', 'BROSS BANDUL', 'ACC', 'PCS', 0, 4000, 2),
('ACC014', 'BROSS GLITER KECIL', 'ACC', 'PCS', 0, 4000, 3),
('ACC015', 'BROSS BIASA', 'ACC', 'PCS', 0, 6000, 1),
('ACC016', 'BROSS EMAS MATA MERAH', 'ACC', 'PCS', 0, 6000, 1),
('ACC017', 'BROSS SATU SET KALUNG+ANTING', 'ACC', 'PCS', 0, 98500, 6),
('ACC018', 'JARUM PENTUL', 'ACC', 'PCS', 0, 2000, 30),
('ACC019', 'JARUM TINDIK (MATAHARI+POLOS)', 'ACC', 'PCS', 0, 2500, 16),
('ACC020', 'KALUNG KARET', 'ACC', 'PCS', 0, 48500, 3),
('ACC021', 'KALUNG BATU GIOK', 'ACC', 'PCS', 0, 35000, 3),
('ACC022', 'KALUNG MUTIARA PENDEK', 'ACC', 'PCS', 0, 48500, 3),
('ACC023', 'KALUNG MUTIARA PANJANG', 'ACC', 'PCS', 0, 68500, 2),
('ACC024', 'ANTING SEGITIGA', 'ACC', 'PCS', 0, 60500, 3),
('ACC025', 'HANDCLEAN', 'ACC', 'PCS', 0, 15000, 12),
('ACC026', 'MUTIARA BUNGA AKSESORIES', 'ACC', 'PCS', 0, 20500, 1),
('ACC027', 'KALUNG KANCING', 'ACC', 'PCS', 0, 18500, 5),
('ACC028', 'KALUNG+BROSS AKSESORIES', 'ACC', 'PCS', 0, 20000, 3),
('ACC029', 'GELANG GIOK WARNA WARNI', 'ACC', 'PCS', 0, 35000, 3),
('ACC030', 'GELANG KERONCONG', 'ACC', 'PCS', 0, 35000, 7),
('ACC031', 'GELANG PERAK MATA PUTIH', 'ACC', 'PCS', 0, 85500, 8),
('ACC032', 'GELANG BUTIR MINI', 'ACC', 'PCS', 0, 10000, 10),
('ACC033', 'BROSS ANAK''''', 'ACC', 'PCS', 0, 20000, 11),
('ACC034', 'BANDANA ANAK''''', 'ACC', 'PCS', 0, 20000, 5),
('ACC035', 'GELANG KERONCONG EMAS PERAK', 'ACC', 'PCS', 0, 89500, 5),
('ACC036', 'GELANG SEPASANG (GELANG+CINCIN)', 'ACC', 'PCS', 0, 135500, 8),
('ACC037', 'GELANG EMAS BERMATA', 'ACC', 'PCS', 0, 85500, 6),
('ACC038', 'KALUNG VARIASI 01', 'ACC', 'PCS', 0, 55500, 10),
('ACC039', 'KALUNG VARIASI 02', 'ACC', 'PCS', 0, 65500, 25),
('ACC040', 'KALUNG VARIASI 03', 'ACC', 'PCS', 0, 40500, 14),
('ACC041', 'KALUNG VARIASI 04', 'ACC', 'PCS', 0, 90500, 16),
('ACC042', 'CINCIN 1', 'ACC', 'PCS', 0, 45500, 27),
('ACC043', 'CINCIN 2', 'ACC', 'PCS', 0, 35500, 22),
('ACC044', 'CINCIN 3', 'ACC', 'PCS', 0, 65500, 61),
('ACC045', 'CINCIN 4 (MATA BIRU DOUBLE)', 'ACC', 'PCS', 0, 65500, 5),
('ACC046', 'CINCIN MUTIARA MERAH BESAR', 'ACC', 'PCS', 0, 75500, 0),
('ACC047', 'CINCIN MATA BIRU+HIJAU BESAR', 'ACC', 'PCS', 0, 68500, 4),
('ACC048', 'CINCIN JUMBO GAYA BESAR', 'ACC', 'PCS', 0, 76500, 3),
('ACC049', 'ANTING-ANTING 01', 'ACC', 'PCS', 0, 25500, 4),
('ACC050', 'ANTING-ANTING 02', 'ACC', 'PCS', 0, 35500, 17),
('ACC051', 'ANTING-ANTING 03', 'ACC', 'PCS', 0, 65500, 23),
('ACC052', 'ANTING-ANTING BIDUAN', 'ACC', 'PCS', 0, 80500, 5),
('ACC053', 'ANTING-ANTING 04', 'ACC', 'PCS', 0, 45500, 12),
('ACC054', 'KARTU UCAPAN+AMLOP', 'ACC', 'PCS', 0, 2500, 111),
('ACC055', 'KARTU UCAPAN  ', 'ACC', 'PCS', 0, 2000, 149),
('ACC056', 'PITA KADO', 'ACC', 'PCS', 0, 1500, 190),
('ACC057', 'KALUNG MUTIARA HITAM', 'ACC', 'PCS', 0, 20000, 1),
('ACC058', 'BROSS ANAK KAYU', 'ACC', 'PCS', 0, 3000, 20),
('ACC059', 'BROSS ANAK PASTIK', 'ACC', 'PCS', 0, 2000, 10),
('ACC060', 'KERTAS KADO', 'ACC', 'PCS', 0, 1500, 94),
('ACC061', 'KALUNG BOLA', 'ACC', 'PCS', 0, 0, 3),
('ACC062', 'KALUNG BORSALINO', 'ACC', 'PCS', 0, 0, 3),
('ACC063', 'KALUNG TAMBANG', 'ACC', 'PCS', 0, 0, 3),
('ACC064', 'CINCIN ANGGUR', 'ACC', 'PCS', 0, 0, 3),
('ACC065', 'GELANG PLINTIR', 'ACC', 'PCS', 0, 0, 3),
('ACC066', 'GELANG KRONCONG', 'ACC', 'PCS', 0, 0, 1),
('ACC067', 'GELANG RANTAI', 'ACC', 'PCS', 0, 0, 3),
('ACC068', 'IKAT PINGGANG BESAR', 'ACC', 'PCS', 0, 25000, 1),
('ACC069', 'IKAT PINGGANG KECIL', 'ACC', 'PCS', 0, 20000, 0),
('ACC070', 'GESPER', 'ACC', 'PCS', 0, 38000, 16),
('ACC071', 'PENITI ', 'ACC', 'PCS', 0, 2000, 30),
('AGC001', 'DRESS CAMPUR BAHAN SIFON+BURKAT', 'AGC', 'PCS', 0, 165500, 6),
('AGC002', 'DRESS SAHRINI', 'AGC', 'PCS', 0, 165500, 0),
('AGC003', 'DRESS BURKAT RUMPIL', 'AGC', 'PCS', 0, 185500, 6),
('AGC004', 'DRESS BIDUAN', 'AGC', 'PCS', 0, 165500, 1),
('AGC005', 'GAMIS PUTIH PANJANG', 'AGC', 'PCS', 0, 145500, 2),
('AGC006', 'GAMIS PUTIH MOTIF DAUN', 'AGC', 'PCS', 0, 152500, 2),
('AGC007', 'GAMIS PUTIH BUNDAR''''', 'AGC', 'PCS', 0, 165000, 0),
('AGC008', 'GAMIS PUTIH WIRAND', 'AGC', 'PCS', 0, 199500, 1),
('AGC009', 'DRESS TANPA LENGAN MOTIF REMAJA', 'AGC', 'PCS', 0, 105500, 3),
('AGC010', 'DRESS TANPA LENGAN LEHER PITA', 'AGC', 'PCS', 0, 120500, 0),
('AGC011', 'DRESS TANPA LENGAN JAMPER', 'AGC', 'PCS', 0, 163000, 3),
('AGC012', 'DRESS BLITER GRADASI', 'AGC', 'PCS', 0, 127500, 1),
('AGC013', 'DRESS BLITER POLOS', 'AGC', 'PCS', 0, 136500, 0),
('AGC014', 'DRESS BURKAT PINK', 'AGC', 'PCS', 0, 120500, 1),
('AGC015', 'DRESS CELANA MACAN', 'AGC', 'PCS', 0, 120500, 1),
('AGC016', 'DRESS TANPA LENGAN PRINCESS', 'AGC', 'PCS', 0, 105500, 6),
('AGC017', 'DRESS DENIM SHUNY', 'AGC', 'PCS', 0, 110500, 1),
('AGC018', 'DRESS CAMPUR MILIAS', 'AGC', 'PCS', 0, 125500, 3),
('AGC019', 'DRESS BAWAH SARUNG', 'AGC', 'PCS', 0, 125500, 3),
('AGC020', 'DRESS BARBIE WIRU', 'AGC', 'PCS', 0, 122500, 5),
('AGC021', 'DRESS LENGAN RAJUT', 'AGC', 'PCS', 0, 155500, 0),
('AGC022', 'DRESS BLAZZER JEANS', 'AGC', 'PCS', 0, 155500, 0),
('AGC023', 'DRESS BATIK IBU (MERAH BIRU)', 'AGC', 'PCS', 0, 95500, 0),
('AGC024', 'DRESS MACAN PAYET', 'AGC', 'PCS', 0, 180500, 7),
('AGC025', 'DRESS STELAN BLAZER BUNGA (BAHAN KAOS)', 'AGC', 'PCS', 0, 232500, 1),
('AGC026', 'OMG CINEMA BATIK', 'AGC', 'PCS', 0, 172500, 2),
('AGC027', 'OMG PINK SALEM BATIK', 'AGC', 'PCS', 0, 235500, 0),
('AGC028', 'DRESS STELAN HITAM MUTIARA', 'AGC', 'PCS', 0, 247500, 1),
('AGC029', 'OMG DRESS BUNGA', 'AGC', 'PCS', 0, 235500, 2),
('AGC030', 'OMG TILE BUNGA ORANGE', 'AGC', 'PCS', 0, 172500, 0),
('AGC031', 'DRESS BUNGA BAHAN SIFON', 'AGC', 'PCS', 0, 116500, 0),
('AGC032', 'DRESS MERAH BATIK', 'AGC', 'PCS', 0, 232500, 1),
('AGC033', 'DRESS STELAN KAOS', 'AGC', 'PCS', 0, 145500, 4),
('AGC034', 'DRESS STELAN BLING BUNDAR', 'AGC', 'PCS', 0, 145500, 2),
('AGC035', 'DRESS TILE BURKAT', 'AGC', 'PCS', 0, 155500, 4),
('AGC036', 'DRESS ALA INDIA', 'AGC', 'PCS', 0, 247500, 1),
('AGC037', 'DRESS ROMPI BORDIR', 'AGC', 'PCS', 0, 247500, 2),
('AGC038', 'DRESS STELAN CELANA BUNGA', 'AGC', 'PCS', 0, 157500, 5),
('AGC039', 'DRESS STELAN KOTAK', 'AGC', 'PCS', 0, 157500, 5),
('AGC040', 'DRESS STELAN BUNGA HIJAU', 'AGC', 'PCS', 0, 230500, 0),
('AGC041', 'DRESS POTONGAN ROK', 'AGC', 'PCS', 0, 234500, 4),
('AGC042', 'DRESS PITA COKLAT+KOTAK''''', 'AGC', 'PCS', 0, 156500, 1),
('AGC043', 'DRESS TUTU', 'AGC', 'PCS', 0, 189500, 0),
('AGC044', 'SONGKET STELAN', 'AGC', 'PCS', 0, 192500, 1),
('AGC045', 'DRESS UNGU TIMBIL''''', 'AGC', 'PCS', 0, 90500, 1),
('AGC046', 'DRESS SEMI SUTERA', 'AGC', 'PCS', 0, 150500, 1),
('AGC047', 'DRESS STELAN CANTIK', 'AGC', 'PCS', 0, 240500, 1),
('AGC048', 'DRESS LURIK''''BATIK HITAM', 'AGC', 'PCS', 0, 265500, 0),
('AGC049', 'DRESS IBU''''MOTIF BUNGA BESAR', 'AGC', 'PCS', 0, 90500, 3),
('AGC050', 'DRESS LAVIO TINGKAT (JERSEY)', 'AGC', 'PCS', 0, 156500, 0),
('AGC051', 'DRESS LAVIO MACAN', 'AGC', 'PCS', 0, 178500, 0),
('AGC052', 'DRESS PRINCESS', 'AGC', 'PCS', 0, 105500, 6),
('AGC053', 'DRESS KAOS KRUT BELAKANG', 'AGC', 'PCS', 0, 70500, 3),
('AGC054', 'DRESS KAOS BLASTER', 'AGC', 'PCS', 0, 85500, 5),
('AGC055', 'DRESS UNGU KANCING DEPAN', 'AGC', 'PCS', 0, 70500, 0),
('AGC056', 'DRESS PUTIH MOTIF', 'AGC', 'PCS', 0, 90500, 2),
('AGC057', 'DRESS ROMPI BUNGA', 'AGC', 'PCS', 0, 120500, 3),
('AGC058', 'DRESS LAPIS BUNGA', 'AGC', 'PCS', 0, 120500, 2),
('AGC059', 'DRESS BIRU TOSKA BUNGA', 'AGC', 'PCS', 0, 190000, 1),
('AGC060', 'DRESS SERAMBIT HIJAU+MERAH', 'AGC', 'PCS', 0, 190000, 2),
('AGC061', 'DRESS SERAMBIT SEPERLAPAN BATIK', 'AGC', 'PCS', 0, 78500, 4),
('AGC062', 'KEMEJA SUTERA', 'AGC', 'PCS', 0, 50000, 2),
('AGC063', 'DRESS OMG FULL BRUKAT', 'AGC', 'PCS', 0, 345500, 0),
('AGC064', 'DRESS OMG BRUKAT', 'AGC', 'PCS', 0, 318000, 7),
('AGC065', 'DRESS OMG BORDIR TUMPUK', 'AGC', 'PCS', 0, 300000, 0),
('AGC066', 'DRESS OMG CERUTY', 'AGC', 'PCS', 0, 318500, 2),
('AGC067', 'DRESS OMG SPECIAL', 'AGC', 'PCS', 0, 165000, 17),
('AGC068', 'DRESS GLITER', 'AGC', 'PCS', 0, 141500, 4),
('AGC069', 'DRESS TANPA LENGAN BIASA', 'AGC', 'PCS', 0, 132000, 3),
('AGC070', 'DRESS BABAT', 'AGC', 'PCS', 0, 170000, 7),
('AGC071', 'STELAN LAVIO BUNGA''''', 'AGC', 'PCS', 0, 198500, 2),
('AGC072', 'DRESS JM (MOTIF MUTIARA DEPAN)', 'AGC', 'PCS', 0, 346000, 3),
('AGC073', 'DRESS BERKAH (MOTIF DAUN)', 'AGC', 'PCS', 0, 300000, 3),
('AGC074', 'DRESS INDIA KANCING DEPAN 3', 'AGC', 'PCS', 0, 328000, 2),
('AGC075', 'DRESS TANPA LENGAN GLITER', 'AGC', 'PCS', 0, 141500, 7),
('AGC076', 'DRESS GRADASI', 'AGC', 'PCS', 0, 132000, 5),
('AGC077', 'DRESS TUTU PRINCES', 'AGC', 'PCS', 0, 224500, 2),
('AGC078', 'DRESS TUTU GLITER', 'AGC', 'PCS', 0, 224500, 4),
('AGC079', 'DRESS 863 (DRESS LEHER PITA)', 'AGC', 'PCS', 0, 109500, 2),
('AGC080', 'DRESS 8185', 'AGC', 'PCS', 0, 109500, 2),
('AGC081', 'DRESS BARBIE BLAZER', 'AGC', 'PCS', 0, 113000, 6),
('AGC082', 'DRESS SAKIR (BAHAN KAOS BLASTER)', 'AGC', 'PCS', 0, 160000, 5),
('AGC083', 'GAMIS PAYET', 'AGC', 'PCS', 0, 145500, 0),
('AGC084', 'DRESS SONGKET', 'AGC', 'PCS', 0, 384000, 1),
('AGC085', 'DRES TL', 'AGC', 'PCS', 0, 150000, 7),
('AGC086', 'DRESS TK.MIORI', 'AGC', 'PCS', 0, 274000, 3),
('AGC087', 'DRESS KOMBINASI YUSHIGI', 'AGC', 'PCS', 0, 292000, 2),
('AGC088', 'DRESS MAYRA', 'AGC', 'PCS', 0, 465000, 1),
('AGC089', 'DRESS MAYRA', 'AGC', 'PCS', 0, 400000, 2),
('AGC090', 'DRESS VIONA', 'AGC', 'PCS', 0, 250000, 25),
('AJ001', 'PARIS POLOS', 'AJ', 'PCS', 0, 14500, 5),
('AJ002', 'PARIS MOTIF', 'AJ', 'PCS', 0, 18500, 13),
('AJ003', 'PARIS GRADASI', 'AJ', 'PCS', 0, 18000, 0),
('AJ004', 'JIHAN BINTIK', 'AJ', 'PCS', 0, 43500, 2),
('AJ005', 'BRUKAT GLITER KRUT', 'AJ', 'PCS', 0, 52500, 1),
('AJ006', 'REMPLE SIFON', 'AJ', 'PCS', 0, 69500, 4),
('AJ007', 'CIRIA GLITER', 'AJ', 'PCS', 0, 47500, 3),
('AJ008', 'KEB GLITER', 'AJ', 'PCS', 0, 43500, 2),
('AJ009', 'MARUKO CEPUL KANCING', 'AJ', 'PCS', 0, 27500, 2),
('AJ010', 'ANTEM PET CEPOL', 'AJ', 'PCS', 0, 34500, 2),
('AJ011', 'MAROKO BRUKAT', 'AJ', 'PCS', 0, 25500, 2),
('AJ012', 'PS. TIVE GLITER', 'AJ', 'PCS', 0, 36500, 2),
('AJ013', 'PS.BUNGLON', 'AJ', 'PCS', 0, 36500, 1),
('AJ014', 'PS.BB TWIS MOTIF', 'AJ', 'PCS', 0, 44500, 3),
('AJ015', 'PS.ABSTRAK PELANGI', 'AJ', 'PCS', 0, 36500, 2),
('AJ016', 'PS.CERUTY POLOS', 'AJ', 'PCS', 0, 39500, 7),
('AJ017', 'CIPUT PET PAYET', 'AJ', 'PCS', 0, 9500, 0),
('AJ018', 'FATIN BUNGA', 'AJ', 'PCS', 0, 86500, 6),
('AJ019', 'BERGO GLITER', 'AJ', 'PCS', 0, 101500, 4),
('AJ020', 'BERGO BULU', 'AJ', 'PCS', 0, 78500, 4),
('AJ021', 'BERGO LIS KOMBINASI', 'AJ', 'PCS', 0, 78500, 3),
('AJ022', 'BERGO JUMBO', 'AJ', 'PCS', 0, 93500, 4),
('AJ023', 'TURBAN PITA', 'AJ', 'PCS', 0, 21500, 9),
('AJ024', 'TURBAN BUNGA', 'AJ', 'PCS', 0, 50500, 9),
('AJ025', 'TURBAN BURKAT', 'AJ', 'PCS', 0, 39500, 9),
('AJ026', 'ROSA RENDA PRANCIS', 'AJ', 'PCS', 0, 76500, 2),
('AJ027', 'SYRIA POLKADOT', 'AJ', 'PCS', 0, 54500, 4),
('AJ028', 'DEWI KRUT GLITER', 'AJ', 'PCS', 0, 54500, 0),
('AJ029', 'ANGEL ELGA', 'AJ', 'PCS', 0, 47500, 8),
('AJ030', 'FATIN GELOMBANG', 'AJ', 'PCS', 0, 70500, 4),
('AJ031', 'PASMINA GLITER PASIR', 'AJ', 'PCS', 0, 50500, 3),
('AJ032', 'BERGO BRUKAT', 'AJ', 'PCS', 0, 101500, 5),
('AJ033', 'JERSEY INSTAN', 'AJ', 'PCS', 0, 74500, 2),
('AJ034', 'SYRIA LOVE', 'AJ', 'PCS', 0, 39500, 0),
('AJ035', 'SYIRIA BINTIK', 'AJ', 'PCS', 0, 39500, 0),
('AJ036', 'PASMINA TILE MAWAR', 'AJ', 'PCS', 0, 39500, 3),
('AJ037', 'PASMINA BABAT 2 WARNA', 'AJ', 'PCS', 0, 46500, 3),
('AJ038', 'PASMINA CAMPUR', 'AJ', 'PCS', 0, 35500, 2),
('AJ039', 'SYRIA MUTIARA', 'AJ', 'PCS', 0, 39500, 4),
('AJ040', 'SYRIA KURA-KURA', 'AJ', 'PCS', 0, 39500, 2),
('AJ041', 'SYRIA PIRINGAN', 'AJ', 'PCS', 0, 39500, 2),
('AJ042', 'CIPUT RESLETING', 'AJ', 'PCS', 0, 25500, 5),
('AJ043', 'TURBAN MOTIF', 'AJ', 'PCS', 0, 25500, 1),
('AJ044', 'JILBAB RAINA POLOS BIRU', 'AJ', 'PCS', 0, 110000, 1),
('AJ045', 'JILBAB RAINA CREM RUMPIL KUNING', 'AJ', 'PCS', 0, 89000, 1),
('AJ046', 'JILBAB RAINA PINK', 'AJ', 'PCS', 0, 110000, 1),
('AJ047', 'JILBAB CILD / KIDZ', 'AJ', 'PCS', 0, 20500, 11),
('AJ048', 'MAROKO RESLETING', 'AJ', 'PCS', 0, 34000, 16),
('AJ049', 'INNER YURO', 'AJ', 'PCS', 0, 30500, 81),
('AJ050', 'TILE SWAROSKI', 'AJ', 'PCS', 0, 109500, 6),
('AJ051', 'ROSA MUTIARA', 'AJ', 'PCS', 0, 86500, 4),
('AJ052', 'PASMINA INSTAN 2 WARNA', 'AJ', 'PCS', 0, 45500, 5),
('AJ053', 'BERGO TANGAN', 'AJ', 'PCS', 0, 65000, 3),
('AJ054', 'SHALL', 'AJ', 'PCS', 0, 45000, 3),
('AJ055', 'SYRIA BRUKAT TILE', 'AJ', 'PCS', 0, 69500, 12),
('AJ056', 'JILBAB RUMANA', 'AJ', 'PCS', 0, 20000, 3),
('AJ057', 'PASMINA SIVON', 'AJ', 'PCS', 0, 29000, 9),
('AJ058', 'PASMINA BABAT  ', 'AJ', 'PCS', 0, 45500, 8),
('AJ059', 'PARIS SULAM', 'AJ', 'PCS', 0, 82000, 9),
('AJ060', 'PARIS CHIMI', 'AJ', 'PCS', 0, 78000, 19),
('AJ061', 'PARIS BORDIR', 'AJ', 'PCS', 0, 78000, 10),
('AJ062', 'PARIS PET GOSOK', 'AJ', 'PCS', 0, 59500, 5),
('AJ063', 'PARIS GN 3', 'AJ', 'PCS', 0, 82000, 5),
('AJ064', 'JILBAB OVAL RAMPLE', 'AJ', 'PCS', 0, 54500, 7),
('AJ065', 'JILBAB DAVINA', 'AJ', 'PCS', 0, 35000, 7),
('AJ066', 'BERGO SYAR''I', 'AJ', 'PCS', 0, 146000, 5),
('AJ067', 'BERGO SYAHRINI', 'AJ', 'PCS', 0, 109000, 10),
('AJ068', 'SOSOR BURKAT', 'AJ', 'PCS', 0, 68500, 5),
('AJ069', 'SYAHRINI BATOK', 'AJ', 'PCS', 0, 78500, 7),
('AJ070', 'APRIL JASMINE', 'AJ', 'PCS', 0, 82000, 4),
('AJ071', 'INNER TOPI', 'AJ', 'PCS', 0, 28000, 15),
('AJ072', 'JILBAB RABBANI', 'AJ', 'PCS', 0, 0, 65),
('AKK001', 'KAOS KAKI CREM BIASA', 'AKK', 'PCS', 0, 10000, 7),
('AKK002', 'KAOS KAKI CREM CORAK HITAM', 'AKK', 'PCS', 0, 10000, 8),
('AKK003', 'KAOS KAKI CREM POLOS', 'AKK', 'PCS', 0, 8000, 11),
('AKK004', 'KAOS KAKI CREM BUNGA', 'AKK', 'PCS', 0, 8000, 8),
('AKK005', 'KAOS KAKI CREM CREM RENDA', 'AKK', 'PCS', 0, 9000, 3),
('AKK006', 'KAOS KAKI CREM HITAM CREM', 'AKK', 'PCS', 0, 8000, 5),
('AKK007', 'KAOS KAKI PUTIH POLOS', 'AKK', 'PCS', 0, 8000, 10),
('AKK008', 'KAOS KAKI PUTIH+HITAM TEBAL', 'AKK', 'PCS', 0, 12000, 11),
('AKK009', 'KAOS KAKI ABU''''BUNGA', 'AKK', 'PCS', 0, 9000, 4),
('AMK001', 'MUKENA BULAT PARASIT (HIJAU,UNGU,PINK,ORANGE)', 'AMK', 'PCS', 0, 87500, 3),
('AMK002', 'MUKENA KOTAK PARASIT (MERAH,KUNING,HIJAU,BIRU)', 'AMK', 'PCS', 0, 89500, 3),
('AMK003', 'MUKENA TAS KAYU (PUTIH)', 'AMK', 'PCS', 0, 330000, 4),
('AMK004', 'MUKENA PELANGI JUMBO (RAYON)', 'AMK', 'PCS', 0, 145000, 2),
('AMK005', 'MUKENA RAYON BALI', 'AMK', 'PCS', 0, 110000, 1),
('AMT001', 'MANSET KAOS', 'AMT', 'PCS', 0, 25000, 5),
('AMT002', 'MANSET KERAH', 'AMT', 'PCS', 0, 25000, 1),
('AMT003', 'MANSET PANJANG FULL', 'AMT', 'PCS', 0, 74500, 9),
('AMT004', 'DEKER POLKADOT', 'AMT', 'PCS', 0, 17500, 9),
('AMT005', 'SEKER SMOKE', 'AMT', 'PCS', 0, 15500, 8),
('AMT006', 'DEKER RENDA', 'AMT', 'PCS', 0, 12500, 1),
('AMT007', 'DEKER BALERO', 'AMT', 'PCS', 0, 22500, 9),
('AMT008', 'DEKER POLOS (KAOS)', 'AMT', 'PCS', 0, 13500, 9),
('AMT009', 'DEKER POLOS (KAOS)', 'AMT', 'PCS', 0, 12500, 7),
('AMT010', 'DEKER KRUT RENDA', 'AMT', 'PCS', 0, 9500, 5),
('AMT011', 'MANSET HITAM PUTIH', 'AMT', 'PCS', 0, 0, 4),
('AMT012', 'MANSET WARNA', 'AMT', 'PCS', 0, 0, 10),
('AMT013', 'MANSET XL', 'AMT', 'PCS', 0, 0, 9),
('AR001', 'ROK WIRU BUNGA (ORANGE,PINK)', 'AR', 'PCS', 0, 58500, 1),
('AR002', 'ROK MANGGI (SALEM)', 'AR', 'PCS', 0, 66500, 6),
('AR003', 'ROK BROSS BUNGA PINK', 'AR', 'PCS', 0, 66500, 0),
('AR004', 'ROK ALADIN (ABU'''',ORANGE,MERAH,UNGU)', 'AR', 'PCS', 0, 98500, 2),
('AR005', 'ROK BURKAT (ORANGE,UNGU,KUNING,HIJAU)', 'AR', 'PCS', 0, 126500, 3),
('AR006', 'ROK THAILAND (UNUG,KUNING,MERAH,ORANGE)', 'AR', 'PCS', 0, 154500, 4),
('AR007', 'ROK BEAUTY POLOS (COKLAT CREM,HITAM)', 'AR', 'PCS', 0, 81500, 3),
('AR008', 'ROK BEAUTY MOTIF', 'AR', 'PCS', 0, 81500, 3),
('AR009', 'ROK JEANS POLOS', 'AR', 'PCS', 0, 108000, 1),
('AR010', 'ROK SONGKET', 'AR', 'PCS', 0, 95000, 10),
('AR011', 'ROK SIFON AL-FATH', 'AR', 'PCS', 0, 150000, 1),
('AR012', 'ROK BABAT', 'AR', 'PCS', 0, 122500, 3),
('AR013', 'ROK KODOK 836', 'AR', 'PCS', 0, 105500, 2),
('AR014', 'ROK MONGGI 553', 'AR', 'PCS', 0, 82000, 5),
('AR015', 'ROK BABAT', 'AR', 'PCS', 0, 122500, 11),
('AR016', 'ROK JEAN + IKAT PINGGANG', 'AR', 'PCS', 0, 146000, 4),
('ARB001', 'RAINBOW BLUES JARING', 'ARB', 'PCS', 0, 240000, 2),
('ARB002', 'RAINBOW JARING TINGKAT TIGA', 'ARB', 'PCS', 0, 226500, 0),
('ARB003', 'RAINBOW JARING TINGKAT DUA', 'ARB', 'PCS', 0, 240000, 1),
('ARB004', 'RAINBOW JARING SAMPING', 'ARB', 'PCS', 0, 225000, 2),
('ARB005', 'RAINBOW KODOK', 'ARB', 'PCS', 0, 225000, 1),
('ARB006', 'RAINBOW PELANGI', 'ARB', 'PCS', 0, 208500, 2),
('ARB007', 'RAINBOW LOVE', 'ARB', 'PCS', 0, 210000, 1),
('ARB008', 'RAINBOW UK : 8.10.12', 'ARB', 'PCS', 0, 264000, 8),
('ARB009', 'RAINBOW UK : 2.4.6', 'ARB', 'PCS', 0, 253000, 5),
('ARB010', 'RAINBOW UK : 6', 'ARB', 'PCS', 0, 254500, 9),
('AS001', 'SANDAL N663 (UNGU BLING-BLING MUTIARA)', 'AS', 'PCS', 0, 123500, 4),
('AS002', 'SANDAL N1010 (BIRU GLITER)', 'AS', 'PCS', 0, 115500, 0),
('AS003', 'SANDAL N659 (HITAM GLITER)', 'AS', 'PCS', 0, 107500, 2),
('AS004', 'SANDAL N067 (COKLAT MUR)', 'AS', 'PCS', 0, 107500, 2),
('AS005', 'SANDAL Z710 (BIRU LAPIS)', 'AS', 'PCS', 0, 115500, 1),
('AS006', 'SANDAL N1008 (AMERICA)', 'AS', 'PCS', 0, 115500, 2),
('AS007', 'SANDAL N1014 (ABU''''BUNGA)', 'AS', 'PCS', 0, 115500, 5),
('AS008', 'SANDAL (ITEM SLEMPANG)', 'AS', 'PCS', 0, 60500, 2),
('AS009', 'SANDAL KAYU', 'AS', 'PCS', 0, 32500, 0),
('AS010', 'SANDAL TOSKA SLEMPANG', 'AS', 'PCS', 0, 56500, 3),
('AS011', 'SANDAL COKLAT PITA', 'AS', 'PCS', 0, 50500, 2),
('AS012', 'SANDAL CREM SLEMPANG', 'AS', 'PCS', 0, 50500, 1),
('AS013', 'SEPATU EMAS BIRU', 'AS', 'PCS', 0, 165500, 4),
('AS014', 'SEPATU EMAS  ', 'AS', 'PCS', 0, 172500, 5),
('AS015', 'SANDAL HITAM BLING-BLING', 'AS', 'PCS', 0, 132500, 3),
('AS016', 'SANDAL EMAS BLING-BLING', 'AS', 'PCS', 0, 142500, 4),
('AS017', 'SANDAL HIJAU BLING-BLING', 'AS', 'PCS', 0, 139500, 5),
('AS018', 'SANDAL ABU'''' EMAS BLING-BLING', 'AS', 'PCS', 0, 148500, 2),
('AS019', 'SANDAL COKLAT PINK', 'AS', 'PCS', 0, 148500, 4),
('AS020', 'SANDAL JINNY HIGHT HEEL', 'AS', 'PCS', 0, 148500, 5),
('AS021', 'SEPATU SANDAL COKLAT (OSCAR)', 'AS', 'PCS', 0, 40500, 0),
('AS022', 'SEPATU PITA HITAM', 'AS', 'PCS', 0, 40500, 4),
('AS023', 'SEPATU MERAH KANCING BESAR', 'AS', 'PCS', 0, 32500, 0),
('AS024', 'SEPATU COKLAT PITA BERTIMANG', 'AS', 'PCS', 0, 40500, 1),
('AS025', 'SEPATU UNGU MUTIARA BANYAK', 'AS', 'PCS', 0, 38500, 3),
('AS026', 'SANDAL MUTIARA BESAR KECIL', 'AS', 'PCS', 0, 60500, 1),
('AS027', 'SANDAL SLUKUP HITAM', 'AS', 'PCS', 0, 48500, 4),
('AS028', 'SANDAL BIRU LAUT MUTIARA', 'AS', 'PCS', 0, 46500, 2),
('AS029', 'SANDAL ABU'''' MUTIARA', 'AS', 'PCS', 0, 46500, 0),
('AS030', 'SANDAL SULE (HITAM PUTIH)', 'AS', 'PCS', 0, 36500, 4),
('AS031', 'SANDAL SULE (HITAM UNGU)', 'AS', 'PCS', 0, 36500, 1),
('AS032', 'SEPATU SANDAL SILANG (HIJAU+ORANGE)', 'AS', 'PCS', 0, 36500, 1),
('AS033', 'SANDAL BLING-BLING FULL COLOR', 'AS', 'PCS', 0, 273500, 5),
('AS034', 'SANDAL GOLD JEPIT HELLO KITY', 'AS', 'PCS', 0, 132000, 5),
('AS035', 'SANDAL BIRU EMAS WEGES', 'AS', 'PCS', 0, 141500, 5),
('AS036', 'SANDAL HITAM BLING-BLING PINGGIRAN', 'AS', 'PCS', 0, 123000, 5),
('AS037', 'SANDAL BIRU IBU-IBU', 'AS', 'PCS', 0, 108500, 5),
('AS038', 'SANDAL HITAM BLING-BLING PENUH', 'AS', 'PCS', 0, 108500, 5),
('AS039', 'SANDAL EMAS COKLAT', 'AS', 'PCS', 0, 226500, 5),
('AS040', 'SANDAL BIRU SLEMPANG BLING-BLING', 'AS', 'PCS', 0, 349000, 5),
('AS041', 'SANDAL BIRU CHANEL', 'AS', 'PCS', 0, 168000, 5),
('AS042', 'SANDAL COKLAT BLING-BLING WARNA-WARNI', 'AS', 'PCS', 0, 141500, 4),
('AS043', 'SANDAL HELLO KITY FULL', 'AS', 'PCS', 0, 141500, 5),
('AS044', 'SANDAL PUTIH ELEGAN BLING-BLING', 'AS', 'PCS', 0, 128500, 5),
('AS045', 'SANDAL GOLD FULL BLING-BLING WARNA-WARNI', 'AS', 'PCS', 0, 137000, 5),
('AS046', 'SANDAL ITEM MUTIARA', 'AS', 'PCS', 0, 226000, 5),
('AS047', 'SANDAL ITEM TASBIH', 'AS', 'PCS', 0, 151000, 5),
('AS048', 'SANDAL HITAM FULL BLING-BLING WARNA-WARNI', 'AS', 'PCS', 0, 141500, 5),
('AS049', 'SANDAL IBU COKLAT', 'AS', 'PCS', 0, 94500, 5),
('AS050', 'SANDAL IBU CREAM', 'AS', 'PCS', 0, 94500, 5),
('AS051', 'SANDAL PINK EMAS', 'AS', 'PCS', 0, 205500, 5),
('AS052', 'SANDAL BIRU EMAS  ', 'AS', 'PCS', 0, 205500, 5),
('AS053', 'SANDAL HITAM EMAS', 'AS', 'PCS', 0, 207500, 5),
('AS054', 'SANDAL PINK COKLAT EMAS', 'AS', 'PCS', 0, 207500, 5),
('AS055', 'SANDAL JAPIT KOREA PINK', 'AS', 'PCS', 0, 175500, 5),
('AS056', 'SANDAL COKLAT MAROON EMAS', 'AS', 'PCS', 0, 262500, 5),
('AS057', 'SANDAL TENGAH FULL MUTIARA CREAM', 'AS', 'PCS', 0, 205500, 5),
('AS058', 'SANDAL TENGAH FULL MUTIARA MERAH', 'AS', 'PCS', 0, 205500, 5),
('AS059', 'SEPATU BOOT', 'AS', 'PCS', 0, 236000, 4),
('AS060', 'SANDAL HITAM UNGU CERUT', 'AS', 'PCS', 0, 262500, 5),
('AS061', 'SANDAL HITAM IBU-IBU', 'AS', 'PCS', 0, 256500, 5),
('AS062', 'SANDAL SEPATU EMAS', 'AS', 'PCS', 0, 160500, 5),
('AS063', 'SANDAL MAROON EMAS', 'AS', 'PCS', 0, 262500, 5),
('AS064', 'SANDAL HITAM BLUDRU', 'AS', 'PCS', 0, 179500, 5),
('AS065', 'SEPATU GUCCI', 'AS', 'PCS', 0, 205500, 5),
('ATS001', 'HERMES PARIS ORANGE', 'ATS', 'PCS', 0, 270000, 1),
('ATS002', 'HERMES PARIS PUTIH', 'ATS', 'PCS', 0, 270000, 1),
('ATS003', 'YIMEIER ORANGE + COKLAT', 'ATS', 'PCS', 0, 210500, 1),
('ATS004', 'CARTIER COKLAT TUTUL', 'ATS', 'PCS', 0, 320000, 1),
('ATS005', 'CHANEL BLUE', 'ATS', 'PCS', 0, 325000, 1),
('ATS006', 'LOUIS HITAM + EMAS', 'ATS', 'PCS', 0, 225000, 0),
('ATS007', 'JEANS LIS KUNING', 'ATS', 'PCS', 0, 315000, 1),
('ATS008', 'JINSIGENI COKLAT', 'ATS', 'PCS', 0, 148000, 1),
('ATS009', 'JEANS LIS COKLAT', 'ATS', 'PCS', 0, 286500, 0),
('ATS010', 'JEANS LIS MERAH', 'ATS', 'PCS', 0, 286500, 0),
('ATS011', 'JUMUE ORANGE', 'ATS', 'PCS', 0, 360000, 0),
('ATS012', 'YSL (HIJAU,MERAH)', 'ATS', 'PCS', 0, 169500, 2),
('ATS013', 'TAS.8673 (BIRU DONGKER,HITAM)', 'ATS', 'PCS', 0, 186500, 2),
('ATS014', 'TAS RANTAI (PINK)', 'ATS', 'PCS', 0, 200000, 1),
('ATS015', 'TAS MUTIARA (UNGU,HITAM)', 'ATS', 'PCS', 0, 200000, 2),
('ATS016', 'TAS DOMPET EMAS', 'ATS', 'PCS', 0, 200000, 2),
('ATS017', 'TAS SALE PINK', 'ATS', 'PCS', 0, 75000, 0),
('ATS018', 'TAS SALE MERAH', 'ATS', 'PCS', 0, 75000, 0),
('ATS019', 'TAS SALE BIRU TUA', 'ATS', 'PCS', 0, 75000, 1),
('ATS020', 'TAS SALE BIRU MUDA', 'ATS', 'PCS', 0, 75000, 1),
('ATS021', 'TAS SALE PUTIH', 'ATS', 'PCS', 0, 75000, 0),
('ATS022', 'TAS SALE HIJAU', 'ATS', 'PCS', 0, 75000, 1),
('ATS023', 'TAS JINJING', 'ATS', 'PCS', 0, 45000, 5),
('ATS024', 'TAS 9218', 'ATS', 'PCS', 0, 368500, 2),
('ATS025', 'TAS 2201', 'ATS', 'PCS', 0, 334000, 2),
('ATS026', 'TAS 168', 'ATS', 'PCS', 0, 334000, 2),
('ATS027', 'BLUBERRY', 'ATS', 'PCS', 0, 220000, 2),
('ATS028', 'CHANEL JELLY', 'ATS', 'PCS', 0, 175000, 2),
('ATS029', 'TAS 09', 'ATS', 'PCS', 0, 386000, 1),
('ATS030', 'TAS MK', 'ATS', 'PCS', 0, 351000, 1),
('ATS031', 'TAS 172', 'ATS', 'PCS', 0, 334000, 0),
('ATS032', 'BONIA', 'ATS', 'PCS', 0, 219000, 2),
('ATS033', 'LOUIS V ALMA', 'ATS', 'PCS', 0, 334000, 2),
('AWD001', 'LIGHTENING NIGHT CREAM STEP 1 36ML', 'AWD', 'PCS', 0, 37500, 3),
('AWD002', 'LIGHTENING DAY CREAM STEP 1 36ML', 'AWD', 'PCS', 0, 39500, 3),
('AWD003', 'LIGHTENING NIGHT CREAM STEP 2 36ML', 'AWD', 'PCS', 0, 40500, 3),
('AWD004', 'LIGHTENING NIGHT CREAM STEP 2 20ML', 'AWD', 'PCS', 0, 27000, 3),
('AWD005', 'LIGHTENING DAY CREAM STEP 2 20ML', 'AWD', 'PCS', 0, 26000, 3),
('AWD006', 'MOISTURIZER CREAM', 'AWD', 'PCS', 0, 19000, 1),
('AWD007', 'MOISTURIZER GEL', 'AWD', 'PCS', 0, 18500, 0),
('AWD008', 'BODY LOTION INNOCENCE', 'AWD', 'PCS', 0, 46000, 1),
('AWD009', 'BODY LOTION FLAME', 'AWD', 'PCS', 0, 46000, 1),
('AWD010', 'BODY LOTION SHINE', 'AWD', 'PCS', 0, 48500, 1),
('AWD011', 'BODY LOTION ETERNAL', 'AWD', 'PCS', 0, 46000, 1),
('AWD012', 'BODY LOTION SPARKS', 'AWD', 'PCS', 0, 46000, 0),
('AWD013', 'LIGHTENING BODY LOTION', 'AWD', 'PCS', 0, 26000, 1),
('AWD014', 'FACIAL WASH', 'AWD', 'PCS', 0, 14000, 6),
('AWD015', 'FACIAL MASSAGE CREAM', 'AWD', 'PCS', 0, 18000, 2),
('AWD016', 'FACIAL MASK', 'AWD', 'PCS', 0, 17000, 2),
('AWD017', 'LIGHTENING FASK MASK', 'AWD', 'PCS', 0, 18000, 1),
('AWD018', 'ROLL ON', 'AWD', 'PCS', 0, 21000, 2),
('AWD019', 'LIGHTENING FACIAL SERUM', 'AWD', 'PCS', 0, 53000, 2),
('AWD020', 'LIGHTENING TWO WAY CAKE UV PROTECTION', 'AWD', 'PCS', 0, 55000, 7),
('AWD021', 'PERFECT RED LIP PALETTE', 'AWD', 'PCS', 0, 61000, 2),
('AWD022', 'CHOCOAHOLIC LIP PALETTE', 'AWD', 'PCS', 0, 61000, 0),
('AWD023', 'ESIDO DOUBLE FECTION KIT 3 WRN', 'AWD', 'PCS', 0, 48000, 7),
('AWD024', 'ESIDO DOUBLE FECTION KIT 2 WRN', 'AWD', 'PCS', 0, 42000, 4),
('AWD025', 'EXCLUSIVE LIQUID FOUNDATION', 'AWD', 'PCS', 0, 76000, 2),
('AWD026', 'LONGLASTING LIPSTICK', 'AWD', 'PCS', 0, 44000, 2),
('AWD027', 'WONDERSHINE LIP BLAM (1,2,3)', 'AWD', 'PCS', 0, 35000, 7),
('AWD028', 'HYDROGLOSS LIPSTICK', 'AWD', 'PCS', 0, 32000, 4),
('AWD029', 'MATTE LIPSTICK', 'AWD', 'PCS', 0, 33000, 20),
('AWD030', 'EXCLUSIVE LIPSTICK', 'AWD', 'PCS', 0, 36000, 24),
('AWD031', 'LUMINOUS FACE POWDER', 'AWD', 'PCS', 0, 38000, 2),
('AWD032', 'COMPACT POWDER', 'AWD', 'PCS', 0, 42000, 3),
('AWD033', 'LUMINOUS TWO WAY CAKE', 'AWD', 'PCS', 0, 47000, 5),
('AWD034', 'EXCLUSIVE TWO WAY CAKE', 'AWD', 'PCS', 0, 87000, 7),
('AWD035', 'WARDAH PAKET HAJI & UMROH', 'AWD', 'PCS', 0, 125000, 2),
('AWD036', 'FACIAL SERUM', 'AWD', 'PCS', 0, 43000, 2),
('AWD037', 'EDT (ETERNAL) PARFUM', 'AWD', 'PCS', 0, 51000, 0),
('AWD038', 'EDT (FLAME) PARFUM', 'AWD', 'PCS', 0, 51000, 1),
('AWD039', 'EDT (INNOCENCE) PARFUM', 'AWD', 'PCS', 0, 51000, 1),
('AWD040', 'EDT (SPARKS) PARFUM', 'AWD', 'PCS', 0, 51000, 0),
('AWD041', 'LUMINOUS CREAMY FOUNDATION', 'AWD', 'PCS', 0, 36000, 4),
('AWD042', 'LIGHTENING NIGHT CREAM STEP 2', 'AWD', 'PCS', 0, 42000, 0),
('AWD043', 'LIGHTENING DAY CREAM STEP 2', 'AWD', 'PCS', 0, 42000, 0),
('AWD044', 'INTENSIVE NIGHT CREAM', 'AWD', 'PCS', 0, 35000, 2),
('AWD045', 'BODY MIST ETERNAL', 'AWD', 'PCS', 0, 70500, 1),
('AWD046', 'BODY MIST SPARKS', 'AWD', 'PCS', 0, 70500, 2),
('AWD047', 'BODY MIST INNOCENCE', 'AWD', 'PCS', 0, 70500, 1),
('AWD048', 'LIGHTENING FACE TONER', 'AWD', 'PCS', 0, 22000, 6),
('AWD049', 'LIGHTENING MILK CLEANSER', 'AWD', 'PCS', 0, 25000, 6),
('AWD050', 'SUNSCREEN GEL', 'AWD', 'PCS', 0, 30000, 3),
('AWD051', 'FACIAL SCRUB', 'AWD', 'PCS', 0, 15500, 5),
('AWD052', 'LIGHTENING GENTLE WASH', 'AWD', 'PCS', 0, 15000, 7),
('AWD053', 'LIGHTENING FACIAL SCRUB', 'AWD', 'PCS', 0, 15500, 8),
('AWD054', 'HYDRATING TONER (NORMAL TO DRY SKIN)', 'AWD', 'PCS', 0, 23000, 4),
('AWD055', 'CLEANSER (NORMAL TO DRY SKIN)', 'AWD', 'PCS', 0, 22000, 2),
('AWD056', 'CREAMY BODY BUTTER LAVENDER + GINGER', 'AWD', 'PCS', 0, 47500, 1),
('AWD057', 'CREAMY BODY BUTTER OLIVE', 'AWD', 'PCS', 0, 47500, 1),
('AWD058', 'CREAMY BODY BUTTER MILK & PEARL', 'AWD', 'PCS', 0, 45000, 1),
('AWD059', 'CREAMY BODY BUTTER STRAWBERRY', 'AWD', 'PCS', 0, 45000, 1),
('AWD060', 'CREAMY BODY BUTTER ROSE', 'AWD', 'PCS', 0, 47500, 1),
('AWD061', 'PASSION FRUIT BODY BUTTER', 'AWD', 'PCS', 0, 47500, 0),
('AWD062', 'BB CREAM', 'AWD', 'PCS', 0, 45000, 3),
('AWD063', 'LIGHTENING DAY CREAM STEP 1 30ML', 'AWD', 'PCS', 0, 0, 3),
('AWD064', 'LIGHTENING NIGHT CREM STEP 1 30ML', 'AWD', 'PCS', 0, 0, 3),
('AWD065', 'LIGHTENING DAY CREAM STEP 2 30ML', 'AWD', 'PCS', 0, 0, 5),
('AWD066', 'LIGHTENING NIGHT CREAM STEP 2 30ML', 'AWD', 'PCS', 0, 0, 5),
('AWD067', 'PENSIL ALIS', 'AWD', 'PCS', 0, 28500, 12),
('AWD068', 'LIQUID EYELINER', 'AWD', 'PCS', 0, 27000, 12),
('AWD069', 'MULTICOLOR LONG LASTING EYELINER', 'AWD', 'PCS', 0, 27000, 12),
('AWD070', 'EYELASH CURLER (PENJEPIT BULU MATA)', 'AWD', 'PCS', 0, 15500, 6),
('AWD071', 'MAYBELINE MASCARA', 'AWD', 'PCS', 0, 30000, 11),
('AWD072', 'LIGHTENING TWO WAY CAKE WITH LICORICE EXRACT', 'AWD', 'PCS', 0, 51000, 9),
('AWD073', 'BODY MIST FLAME', 'AWD', 'PCS', 0, 70500, 1),
('AWD074', 'BODY MIST SHINE', 'AWD', 'PCS', 0, 70500, 1),
('AWD075', 'LUMINOUS TWO WAY CAKE REFILL', 'AWD', 'PCS', 0, 0, 3),
('AWD076', 'LIGHTENING TWO WAY CAKE UV PROTECTION REFILL', 'AWD', 'PCS', 0, 0, 6),
('AWD077', 'LIGHTENING TWO WAY CAKE WITH LICORICE EXRACT REFIL', 'AWD', 'PCS', 0, 0, 3);

-- --------------------------------------------------------

--
-- Table structure for table `pos_brgmasuk`
--

CREATE TABLE IF NOT EXISTS `pos_brgmasuk` (
  `no_faktur` int(11) NOT NULL,
  `tgl_masuk` date NOT NULL,
  `id_dis` varchar(15) NOT NULL,
  `id_peg` varchar(15) NOT NULL,
  `total` double NOT NULL,
  PRIMARY KEY (`no_faktur`,`id_dis`,`id_peg`),
  KEY `no_faktur` (`no_faktur`),
  KEY `id_peg` (`id_peg`),
  KEY `id_dis` (`id_dis`)
) ENGINE=InnoDB DEFAULT CHARSET=latin1;

-- --------------------------------------------------------

--
-- Table structure for table `pos_brgmasukdet`
--

CREATE TABLE IF NOT EXISTS `pos_brgmasukdet` (
  `no_faktur` int(11) NOT NULL,
  `kd_barang` varchar(15) NOT NULL,
  `jumlah` smallint(6) NOT NULL,
  `harga_baru` double NOT NULL,
  `subtotal` double NOT NULL,
  PRIMARY KEY (`no_faktur`,`kd_barang`)
) ENGINE=InnoDB DEFAULT CHARSET=latin1;

-- --------------------------------------------------------

--
-- Table structure for table `pos_distributor`
--

CREATE TABLE IF NOT EXISTS `pos_distributor` (
  `id_dis` varchar(15) NOT NULL,
  `nm_distributor` varchar(50) NOT NULL,
  `nm_manajer` varchar(35) NOT NULL,
  `kota` varchar(25) NOT NULL,
  `alamat` varchar(100) NOT NULL,
  `no_telp` varchar(12) NOT NULL,
  `no_hp` varchar(12) NOT NULL,
  `email` varchar(50) NOT NULL,
  PRIMARY KEY (`id_dis`)
) ENGINE=InnoDB DEFAULT CHARSET=latin1;

--
-- Dumping data for table `pos_distributor`
--

INSERT INTO `pos_distributor` (`id_dis`, `nm_distributor`, `nm_manajer`, `kota`, `alamat`, `no_telp`, `no_hp`, `email`) VALUES
('D-0001', 'AlMaura', '-', 'Pekalongan', '-', '-', '-', '-'),
('D-0002', 'Almaura Collection', 'Almaura', 'Pekalongan', '-----', '-----', '-----', '-----');

-- --------------------------------------------------------

--
-- Table structure for table `pos_grpbarang`
--

CREATE TABLE IF NOT EXISTS `pos_grpbarang` (
  `kd_group` char(7) NOT NULL,
  `kelompok` varchar(20) NOT NULL,
  PRIMARY KEY (`kd_group`)
) ENGINE=InnoDB DEFAULT CHARSET=latin1;

--
-- Dumping data for table `pos_grpbarang`
--

INSERT INTO `pos_grpbarang` (`kd_group`, `kelompok`) VALUES
('AAC', 'ATASAN'),
('AAM', 'ANAK MUSLIM'),
('AB', 'BLAZZER'),
('AC', 'CELANA'),
('ACC', 'AKSESORIS'),
('AGC', 'DRESS'),
('AJ', 'JILBAB'),
('AKK', 'KAOS KAKI'),
('AMK', 'MUKENA'),
('AMT', 'MANSET DEKER'),
('AR', 'ROK'),
('ARB', 'RAINBOW'),
('AS', 'SANDAL-SEPATU'),
('ATS', 'TAS'),
('AWD', 'WARDAH'),
('NK', 'NAYLA KIDZ');

-- --------------------------------------------------------

--
-- Table structure for table `pos_member`
--

CREATE TABLE IF NOT EXISTS `pos_member` (
  `no_member` varchar(15) NOT NULL,
  `tgl_member` date NOT NULL,
  `nm_member` varchar(35) NOT NULL,
  `jns_kel` char(10) NOT NULL,
  `tmp_lahir` varchar(25) NOT NULL,
  `tgl_lahir` date NOT NULL,
  `agama` varchar(10) NOT NULL,
  `pendidikan` varchar(20) NOT NULL,
  `pekerjaan` varchar(25) NOT NULL,
  `status` varchar(15) NOT NULL,
  `kota` varchar(25) NOT NULL,
  `alamat` varchar(100) NOT NULL,
  `no_telp` varchar(12) NOT NULL,
  PRIMARY KEY (`no_member`)
) ENGINE=InnoDB DEFAULT CHARSET=latin1;

--
-- Dumping data for table `pos_member`
--

INSERT INTO `pos_member` (`no_member`, `tgl_member`, `nm_member`, `jns_kel`, `tmp_lahir`, `tgl_lahir`, `agama`, `pendidikan`, `pekerjaan`, `status`, `kota`, `alamat`, `no_telp`) VALUES
('1', '0000-00-00', 'Non Member', '-', '-', '0000-00-00', '-', '-', '-', '-', '-', '-', '-'),
('2014 0285 1025', '0000-00-00', 'SRI KUNTARTI PUJI LESTARI', 'PEREMPUAN', 'KENDAL', '1970-09-20', 'ISLAM', 'S1', 'PEGAWAI NEGERI', 'MENIKAH', 'PEKALONGAN', 'PERUM KARANGSARI, KARANGANYAR', '081325613651'),
('2014 0285 1026', '0000-00-00', 'ERNA SUGIARTI', 'PEREMPUAN', 'PEKALONGAN', '1970-07-24', 'ISLAM', 'S1', 'PEGAWAI SWASTA', 'MENIKAH', 'PEKALONGAN', 'JL.SRINAHAN RT.009/003 KESESI', '087710110494'),
('2014 0285 1029', '0000-00-00', 'PIPIT FAJAR HIDAYAT', 'PEREMPUAN', 'SEMARANG', '1986-11-20', 'ISLAM', 'S1', 'PEGAWAI SWASTA', 'MENIKAH', 'PEKALONGAN', 'JL.KH AGUS SALIM GG.2 RT.3/2', '085799899970'),
('2014 0285 1030', '0000-00-00', 'DEWI KHAFIDHOH', 'PEREMPUAN', 'PEKALONGAN', '1991-01-03', 'ISLAM', 'SMA', 'WIRASWASTA', 'BELUM MENIKAH', 'PEKALONGAN', 'KWAGEAN LEGOK, WONOPRINGGO', '085842350458'),
('2014 0285 1031', '0000-00-00', 'ANDRIANI LUKIE PRATIWI', 'PEREMPUAN', 'PEKALONGAN', '1986-07-04', 'ISLAM', 'DIPLOMA', '', 'MENIKAH', 'PEKALONGAN', 'DS.SABAR WANGI RT.03/01 NO.134 KAJEN', '085743239869'),
('2014 0285 1032', '0000-00-00', 'BETI WULANSARI', 'PEREMPUAN', 'SEMARANG', '1986-05-28', 'ISLAM', 'SD', 'PEGAWAI NEGERI', 'BELUM MENIKAH', 'PEKALONGAN', 'TANJUNGSARI (KOST RINI)', '085641483914'),
('2014 0285 1033', '0000-00-00', 'SRI LESTARI', 'PEREMPUAN', 'KLATEN', '1974-05-11', 'ISLAM', 'S1', 'PEGAWAI NEGERI', 'MENIKAH', 'PEKALONGAN', 'PERUM KORPAI KAJEN', '081542036742'),
('2014 0285 1034', '0000-00-00', 'DYAH ROSITA HENY', 'PEREMPUAN', 'JEPARA', '1978-03-18', 'ISLAM', 'S1', 'WIRASWASTA', 'MENIKAH', 'PEKALONGAN', 'PEKUNCEN WIDES', '085642610727'),
('2014 0285 1035', '0000-00-00', 'ISWOROWATI', 'PEREMPUAN', 'PEKALONGAN', '1967-03-07', 'ISLAM', 'S1', 'PEGAWAI NEGERI', 'MENIKAH', 'PEKALONGAN', 'DS.KARANGSARI RT.01/02 KARANGANYAR', '085725118694'),
('2014 0285 1037', '0000-00-00', 'ELMA ROKHSIAMA', 'PEREMPUAN', 'PEKALONGAN', '1994-02-14', 'ISLAM', 'S1', 'IBU RUMAH TANGGA', 'MENIKAH', 'PEKALONGAN', 'JL.NYAMOK RT.07/03 DEPAN KUA KAJEN', '085742671995'),
('2014 0285 1039', '0000-00-00', 'KUSRIYATI                          ', 'PEREMPUAN', 'PEKALONGAN', '1982-09-25', 'ISLAM', 'SMA', 'IBU RUMAH TANGGA', 'MENIKAH', 'PEKALONGAN', 'JL.MANDUROREJO RT.13/06 NO.464', '085876479603'),
('2014 0285 1040', '0000-00-00', 'RIS KUNAENI', 'PEREMPUAN', 'PEKALONGAN', '1982-07-12', 'ISLAM', 'DIPLOMA', 'IBU RUMAH TANGGA', 'MENIKAH', 'PEKALONGAN', 'DS.BOJONGLOR RT.07/02', '085641160341'),
('2014 0285 1041', '0000-00-00', 'APRILIANA KARTININGSIH', 'PEREMPUAN', 'PEKALONGAN', '1994-04-21', 'ISLAM', 'SMA', '', 'BELUM MENIKAH', 'PEKALONGAN', 'DS.PEKIRINGAN ALIT KEC.KAJEN', '085741119794'),
('2014 0285 1042', '0000-00-00', 'RETNO INDAH', 'PEREMPUAN', 'PEKALONGAN', '1983-05-16', 'ISLAM', 'SMA', 'IBU RUMAH TANGGA', 'MENIKAH', 'PEKALONGAN', 'WANGANDOWO RT.09/05', '081519318003'),
('2014 0285 1045', '0000-00-00', 'ELI FITRIA', 'PEREMPUAN', 'KEBUMEN', '1976-10-27', 'ISLAM', 'S1', 'PEGAWAI SWASTA', 'MENIKAH', 'PEKALONGAN', 'TAMBOR RT.10/05 NYAMOK', ''),
('2014 0285 1046', '0000-00-00', 'NUNUNG HERRYTA', 'PEREMPUAN', 'PEKALONGAN', '1978-05-27', 'ISLAM', 'DIPLOMA', 'PEGAWAI NEGERI', 'MENIKAH', 'PEKALONGAN', 'PEKUNCEN RT.02/03 NO.365 WIDES', '085842322713'),
('2014 0285 1049', '0000-00-00', 'ELOK AMALIA', 'PEREMPUAN', 'PEKALONGAN', '1990-03-30', 'ISLAM', 'S1', 'IBU RUMAH TANGGA', 'MENIKAH', 'PEKALONGAN', 'DS.KETITANG LOR NO.230 BOJONG', '085640365931'),
('2014 0285 1051', '0000-00-00', 'HARTINI', 'PEREMPUAN', 'BARRU', '1968-05-12', 'ISLAM', 'S1', 'WIRASWASTA', 'MENIKAH', 'PEKALONGAN', 'PERUM PURI MUTIARA BLOK A/23 GEJLIG,', '081326888227'),
('2014 0285 1053', '0000-00-00', 'SRI WAHYUNINGSIH', 'PEREMPUAN', 'PEKALONGAN', '1979-12-30', 'ISLAM', 'SMA', 'IBU RUMAH TANGGA', 'MENIKAH', 'PEKALONGAN', 'DS. PODODADI KEC.KARANGANYAR', '085642901710'),
('2014 0285 1056', '0000-00-00', 'TIKA PERMATASARI', 'PEREMPUAN', 'PEKALONGAN', '1992-10-04', 'ISLAM', 'SMA', '', 'BELUM MENIKAH', 'PEKALONGAN', 'DS.GANDARUM KAJEN', '085748777704'),
('2014 0285 1057', '0000-00-00', 'TANTI', 'PEREMPUAN', 'PEKALONGAN', '1991-05-23', 'ISLAM', 'SMA', '', 'MENIKAH', 'PEKALONGAN', 'KOST-KOST''AN KFM KAJEN', '085741998490'),
('2014 0285 1058', '0000-00-00', 'SITI MISKIYAH', 'PEREMPUAN', 'PEKALONGAN', '1988-04-30', 'ISLAM', 'SMA', 'IBU RUMAH TANGGA', 'MENIKAH', 'PEKALONGAN', 'SUMUR JOMBLANG BOGO', '085727405676'),
('2014 0285 1059', '0000-00-00', 'ATIK', 'PEREMPUAN', 'PEKALONGAN', '1991-06-24', 'ISLAM', 'SMA', 'WIRASWASTA', 'BELUM MENIKAH', 'PEKALONGAN', 'JL.YOS SUDARSO BEBEL WIDES', '087830606833'),
('2014 0285 1060', '0000-00-00', 'MUJIANAH', 'PEREMPUAN', 'PEKALONGAN', '1971-04-05', 'ISLAM', '', 'IBU RUMAH TANGGA', 'MENIKAH', 'PEKALONGAN', 'GANDARUM KAJEN', ''),
('2014 0285 1061', '0000-00-00', 'NUNIK KUSWARDANI', 'PEREMPUAN', 'PEKALONGAN', '1987-04-16', 'ISLAM', 'S1', 'PEGAWAI NEGERI', 'MENIKAH', 'PEKALONGAN', 'PERUM GSM.JLN KANTIL III BLOK B51 K.A', '08157657698'),
('2014 0285 1062', '0000-00-00', 'SRI RAHAYU KUDIASTUTI', 'PEREMPUAN', 'PEKALONGAN', '1970-05-26', 'ISLAM', 'SMA', 'PEGAWAI NEGERI', 'MENIKAH', 'PEKALONGAN', 'LEGOKKALOG RT.02/01 KARANGANYAR', ''),
('2014 0285 1063', '0000-00-00', 'STELLA BETRIK', 'PEREMPUAN', 'PEKALONGAN', '1987-10-09', 'ISLAM', 'DIPLOMA', 'WIRASWASTA', 'MENIKAH', 'PEKALONGAN', 'PERUM GSM C.29 KEBON AGUNG', '085876214524'),
('2014 0285 1064', '0000-00-00', 'Hj.CHAFIFAH ANI', 'PEREMPUAN', 'PEKALONGAN', '1976-07-26', 'ISLAM', 'SMA', 'IBU RUMAH TANGGA', 'MENIKAH', 'PEKALONGAN', 'GANDARUM KAJEN', '085786143702'),
('2014 0285 1065', '0000-00-00', 'SRI REJEKI', 'PEREMPUAN', 'PEKALONGAN', '1980-09-12', 'ISLAM', 'S1', 'PEGAWAI NEGERI', 'MENIKAH', 'PEKALONGAN', 'LING.BANDUNGAN WETAN', '081542156281'),
('2014 0285 1066', '0000-00-00', 'HERNA MIKAWATI', 'PEREMPUAN', 'PEKALONGAN', '1975-12-28', 'ISLAM', 'S1', 'PEGAWAI NEGERI', 'MENIKAH', 'PEKALONGAN', 'DK.KAMBANGAN RT.09/05 PEK.ALIT KAJEN', '085869231155'),
('2014 0285 1067', '0000-00-00', 'TIKA ', 'PEREMPUAN', 'PEKALONGAN', '1992-03-29', 'ISLAM', '', '', 'MENIKAH', 'PEMALANG', 'SUKOREJO, ULUJAMI PEMALANG', '085741781116'),
('2014 0285 1068', '0000-00-00', 'IKA YUSTI K', 'PEREMPUAN', 'PEKALONGAN', '1987-12-24', 'ISLAM', 'S1', 'WIRASWASTA', 'BELUM MENIKAH', 'PEKALONGAN', 'DS.WANGAJAH RT.01/01 KEC.KESESI ', '085701333324'),
('2014 0285 1069', '0000-00-00', 'SULISTIYOWATI', 'PEREMPUAN', 'PEKALONGAN', '1981-02-03', 'ISLAM', 'S1', 'WIRASWASTA', 'MENIKAH', 'PEKALONGAN', 'DS.ROWOKEMBU RT.09/04 WOPI', '08569966760'),
('2014 0285 1072', '0000-00-00', 'EVA YANTI', 'PEREMPUAN', 'WONOSOBO', '1987-03-01', 'ISLAM', 'SMA', 'IBU RUMAH TANGGA', 'MENIKAH', 'PEKALONGAN', 'COKRAH KULU KARANGANYAR', '085870178691'),
('2014 0285 1073', '0000-00-00', 'POPPY SHINTIA DEWI', 'PEREMPUAN', 'BREBES', '1982-09-10', 'ISLAM', 'S1', '', 'MENIKAH', 'BREBES', 'JL.RA KARTINI NO.31 BREBES', '081902708131'),
('2014 0285 1078', '0000-00-00', 'NI MADE ANDITA D.', 'PEREMPUAN', 'PEKALONGAN', '1989-03-10', 'KATOLIK', 'DIPLOMA', 'PEGAWAI NEGERI', 'MENIKAH', 'PEKALONGAN', 'DS.GANDARUM KAJEN', '085640031172'),
('2014 0285 1079', '0000-00-00', 'NUR YANAH', 'PEREMPUAN', 'PEKALONGAN', '1976-06-05', 'ISLAM', 'SMA', 'WIRASWASTA', 'MENIKAH', 'PEKALONGAN', 'TANJUNGSARI RT.001/005 KAJEN', '085875370676'),
('2014 0285 1084', '0000-00-00', 'DIAN CAHYARINI', 'PEREMPUAN', 'BREBES', '1965-09-09', 'ISLAM', '', '', 'MENIKAH', 'PEKALONGAN', 'DUKUH TAMBOR RT.010/005', '(0285) 38138'),
('2014 0285 1086', '0000-00-00', 'CIK MAYDA TYASTUTI', 'PEREMPUAN', 'PEKALONGAN', '1990-05-14', 'ISLAM', 'S1', 'PEGAWAI SWASTA', 'BELUM MENIKAH', 'PEKALONGAN', 'DS.COKRAH NOGOSARI RT.02/06 PAKISPUTIH', '085640030325'),
('2014 0285 1087', '0000-00-00', 'MAHMUDAH', 'PEREMPUAN', 'PEKALONGAN', '1971-09-02', 'ISLAM', '', 'WIRASWASTA', 'MENIKAH', 'PEKALONGAN', 'JL.URIP SUMOHARJO 137 PEKALONGAN', '081548190200'),
('asas', '2014-04-18', 'sdsadsd', 'Laki-laki', 'sdsds', '2014-04-18', 'Islam', 'SD', 'Pegawai Swasta', 'Menikah', 'sdsds', 'aaaaa', '');

-- --------------------------------------------------------

--
-- Table structure for table `pos_pegawai`
--

CREATE TABLE IF NOT EXISTS `pos_pegawai` (
  `id_peg` varchar(15) NOT NULL,
  `nm_pegawai` varchar(35) NOT NULL,
  `jns_kel` char(9) NOT NULL,
  `tmp_lahir` varchar(25) NOT NULL,
  `tgl_lahir` date NOT NULL,
  `alamat` varchar(100) NOT NULL,
  `no_telp` varchar(12) NOT NULL,
  PRIMARY KEY (`id_peg`)
) ENGINE=InnoDB DEFAULT CHARSET=latin1;

--
-- Dumping data for table `pos_pegawai`
--

INSERT INTO `pos_pegawai` (`id_peg`, `nm_pegawai`, `jns_kel`, `tmp_lahir`, `tgl_lahir`, `alamat`, `no_telp`) VALUES
('1', 'Almaura', '--', '--', '2014-03-19', '--', '--');

-- --------------------------------------------------------

--
-- Table structure for table `pos_penjualan`
--

CREATE TABLE IF NOT EXISTS `pos_penjualan` (
  `no_faktur` int(11) NOT NULL,
  `tgl_penjualan` date NOT NULL,
  `no_member` varchar(15) NOT NULL,
  `total` double NOT NULL,
  `disc` double NOT NULL,
  `jml_bayar` double NOT NULL,
  `jml_kembali` double NOT NULL,
  `ket` varchar(30) NOT NULL,
  PRIMARY KEY (`no_faktur`)
) ENGINE=InnoDB DEFAULT CHARSET=latin1;

-- --------------------------------------------------------

--
-- Table structure for table `pos_penjualandet`
--

CREATE TABLE IF NOT EXISTS `pos_penjualandet` (
  `no_faktur` int(11) NOT NULL,
  `kd_barang` varchar(15) NOT NULL,
  `qty` tinyint(4) NOT NULL,
  `subtotal` double NOT NULL,
  PRIMARY KEY (`no_faktur`,`kd_barang`)
) ENGINE=InnoDB DEFAULT CHARSET=latin1;

-- --------------------------------------------------------

--
-- Table structure for table `pos_retbrgmasuk`
--

CREATE TABLE IF NOT EXISTS `pos_retbrgmasuk` (
  `no_retur` varchar(15) NOT NULL,
  `no_faktur` int(11) NOT NULL,
  `id_dis` varchar(15) NOT NULL,
  `tgl_retur` date NOT NULL,
  `total` double NOT NULL,
  PRIMARY KEY (`no_retur`)
) ENGINE=InnoDB DEFAULT CHARSET=latin1;

--
-- Dumping data for table `pos_retbrgmasuk`
--

INSERT INTO `pos_retbrgmasuk` (`no_retur`, `no_faktur`, `id_dis`, `tgl_retur`, `total`) VALUES
('07062014-144957', 1, 'D-0001', '2014-06-07', 210500),
('20032014-120157', 1, 'D-0001', '2014-03-20', 1780000),
('20032014-120158', 2, 'D-0001', '2014-03-20', 185000),
('29032014-124807', 3, 'D-0002', '2014-03-29', 180000),
('29032014-124847', 3, 'D-0002', '2014-03-29', 90000);

-- --------------------------------------------------------

--
-- Table structure for table `pos_retbrgmasukdet`
--

CREATE TABLE IF NOT EXISTS `pos_retbrgmasukdet` (
  `no_retur` varchar(15) NOT NULL,
  `kd_barang` varchar(15) NOT NULL,
  `harga` double NOT NULL,
  `jumlah` smallint(6) NOT NULL,
  PRIMARY KEY (`no_retur`,`kd_barang`)
) ENGINE=InnoDB DEFAULT CHARSET=latin1;

-- --------------------------------------------------------

--
-- Table structure for table `pos_retpenjualan`
--

CREATE TABLE IF NOT EXISTS `pos_retpenjualan` (
  `no_retur` varchar(15) NOT NULL,
  `no_faktur` int(11) NOT NULL,
  `tgl_retur` date NOT NULL,
  `no_member` varchar(15) NOT NULL,
  `total` double NOT NULL,
  PRIMARY KEY (`no_retur`)
) ENGINE=InnoDB DEFAULT CHARSET=latin1;

-- --------------------------------------------------------

--
-- Table structure for table `pos_retpenjualandet`
--

CREATE TABLE IF NOT EXISTS `pos_retpenjualandet` (
  `no_retur` varchar(15) NOT NULL,
  `kd_barang` varchar(15) NOT NULL,
  `jumlah` smallint(6) NOT NULL,
  `harga` double NOT NULL,
  PRIMARY KEY (`no_retur`,`kd_barang`)
) ENGINE=InnoDB DEFAULT CHARSET=latin1;

-- --------------------------------------------------------

--
-- Table structure for table `pos_setdiscon`
--

CREATE TABLE IF NOT EXISTS `pos_setdiscon` (
  `id_discon` tinyint(4) NOT NULL,
  `discon` double NOT NULL,
  `val_awal` double NOT NULL,
  `val_akhir` double NOT NULL,
  `sta_aktif` char(11) NOT NULL,
  PRIMARY KEY (`id_discon`)
) ENGINE=InnoDB DEFAULT CHARSET=latin1;

--
-- Dumping data for table `pos_setdiscon`
--

INSERT INTO `pos_setdiscon` (`id_discon`, `discon`, `val_awal`, `val_akhir`, `sta_aktif`) VALUES
(1, 10, 100000, 10000000, 'Aktif');

-- --------------------------------------------------------

--
-- Table structure for table `pos_user`
--

CREATE TABLE IF NOT EXISTS `pos_user` (
  `id_user` varchar(20) NOT NULL,
  `nm_user` varchar(35) NOT NULL,
  `pass` varchar(20) NOT NULL,
  `lev_user` varchar(15) NOT NULL,
  PRIMARY KEY (`id_user`)
) ENGINE=InnoDB DEFAULT CHARSET=latin1;

--
-- Dumping data for table `pos_user`
--

INSERT INTO `pos_user` (`id_user`, `nm_user`, `pass`, `lev_user`) VALUES
('admin', 'admin', 'admin', 'Administrator'),
('user', 'user', 'user', 'User1');

/*!40101 SET CHARACTER_SET_CLIENT=@OLD_CHARACTER_SET_CLIENT */;
/*!40101 SET CHARACTER_SET_RESULTS=@OLD_CHARACTER_SET_RESULTS */;
/*!40101 SET COLLATION_CONNECTION=@OLD_COLLATION_CONNECTION */;
